[
  {
    "date":"2021-01-01",
    "Hospitalized":2827,
    "NewConfirmed":279,
    "NewDeaths":2,
    "Deaths":63,
    "Confirmed":7163
  },
  {
    "date":"2021-01-02",
    "Hospitalized":3016,
    "NewConfirmed":216,
    "NewDeaths":1,
    "Deaths":64,
    "Confirmed":7379
  },
  {
    "date":"2021-01-03",
    "Hospitalized":3293,
    "NewConfirmed":315,
    "NewDeaths":0,
    "Deaths":64,
    "Confirmed":7694
  },
  {
    "date":"2021-01-04",
    "Hospitalized":4022,
    "NewConfirmed":745,
    "NewDeaths":1,
    "Deaths":65,
    "Confirmed":8439
  },
  {
    "date":"2021-01-05",
    "Hospitalized":4504,
    "NewConfirmed":527,
    "NewDeaths":1,
    "Deaths":66,
    "Confirmed":8966
  },
  {
    "date":"2021-01-06",
    "Hospitalized":4847,
    "NewConfirmed":365,
    "NewDeaths":1,
    "Deaths":67,
    "Confirmed":9331
  },
  {
    "date":"2021-01-07",
    "Hospitalized":5048,
    "NewConfirmed":305,
    "NewDeaths":1,
    "Deaths":68,
    "Confirmed":9636
  },
  {
    "date":"2021-01-08",
    "Hospitalized":4519,
    "NewConfirmed":205,
    "NewDeaths":0,
    "Deaths":68,
    "Confirmed":9841
  },
  {
    "date":"2021-01-09",
    "Hospitalized":4440,
    "NewConfirmed":212,
    "NewDeaths":0,
    "Deaths":68,
    "Confirmed":10053
  },
  {
    "date":"2021-01-10",
    "Hospitalized":3803,
    "NewConfirmed":245,
    "NewDeaths":0,
    "Deaths":68,
    "Confirmed":10298
  },
  {
    "date":"2021-01-11",
    "Hospitalized":3914,
    "NewConfirmed":249,
    "NewDeaths":0,
    "Deaths":68,
    "Confirmed":10547
  },
  {
    "date":"2021-01-12",
    "Hospitalized":4035,
    "NewConfirmed":287,
    "NewDeaths":0,
    "Deaths":68,
    "Confirmed":10834
  },
  {
    "date":"2021-01-13",
    "Hospitalized":3981,
    "NewConfirmed":157,
    "NewDeaths":0,
    "Deaths":68,
    "Confirmed":10991
  },
  {
    "date":"2021-01-14",
    "Hospitalized":3533,
    "NewConfirmed":271,
    "NewDeaths":0,
    "Deaths":68,
    "Confirmed":11262
  },
  {
    "date":"2021-01-15",
    "Hospitalized":3093,
    "NewConfirmed":188,
    "NewDeaths":0,
    "Deaths":68,
    "Confirmed":11450
  },
  {
    "date":"2021-01-16",
    "Hospitalized":2704,
    "NewConfirmed":230,
    "NewDeaths":1,
    "Deaths":69,
    "Confirmed":11680
  },
  {
    "date":"2021-01-17",
    "Hospitalized":2969,
    "NewConfirmed":374,
    "NewDeaths":0,
    "Deaths":69,
    "Confirmed":12054
  },
  {
    "date":"2021-01-18",
    "Hospitalized":3147,
    "NewConfirmed":369,
    "NewDeaths":0,
    "Deaths":69,
    "Confirmed":12423
  },
  {
    "date":"2021-01-19",
    "Hospitalized":3168,
    "NewConfirmed":171,
    "NewDeaths":0,
    "Deaths":69,
    "Confirmed":12594
  },
  {
    "date":"2021-01-20",
    "Hospitalized":2961,
    "NewConfirmed":59,
    "NewDeaths":0,
    "Deaths":69,
    "Confirmed":12653
  },
  {
    "date":"2021-01-21",
    "Hospitalized":2882,
    "NewConfirmed":142,
    "NewDeaths":0,
    "Deaths":69,
    "Confirmed":12795
  },
  {
    "date":"2021-01-22",
    "Hospitalized":2809,
    "NewConfirmed":309,
    "NewDeaths":0,
    "Deaths":69,
    "Confirmed":13104
  },
  {
    "date":"2021-01-23",
    "Hospitalized":2809,
    "NewConfirmed":198,
    "NewDeaths":0,
    "Deaths":69,
    "Confirmed":13302
  },
  {
    "date":"2021-01-24",
    "Hospitalized":2860,
    "NewConfirmed":198,
    "NewDeaths":0,
    "Deaths":69,
    "Confirmed":13500
  },
  {
    "date":"2021-01-25",
    "Hospitalized":2950,
    "NewConfirmed":187,
    "NewDeaths":0,
    "Deaths":69,
    "Confirmed":13687
  },
  {
    "date":"2021-01-26",
    "Hospitalized":3679,
    "NewConfirmed":959,
    "NewDeaths":0,
    "Deaths":69,
    "Confirmed":14646
  },
  {
    "date":"2021-01-27",
    "Hospitalized":4335,
    "NewConfirmed":819,
    "NewDeaths":0,
    "Deaths":69,
    "Confirmed":15465
  },
  {
    "date":"2021-01-28",
    "Hospitalized":4858,
    "NewConfirmed":756,
    "NewDeaths":0,
    "Deaths":69,
    "Confirmed":16221
  },
  {
    "date":"2021-01-29",
    "Hospitalized":5551,
    "NewConfirmed":802,
    "NewDeaths":0,
    "Deaths":69,
    "Confirmed":17023
  },
  {
    "date":"2021-01-30",
    "Hospitalized":6371,
    "NewConfirmed":930,
    "NewDeaths":0,
    "Deaths":69,
    "Confirmed":17953
  },
  {
    "date":"2021-01-31",
    "Hospitalized":7090,
    "NewConfirmed":829,
    "NewDeaths":0,
    "Deaths":69,
    "Confirmed":18782
  },
  {
    "date":"2021-02-01",
    "Hospitalized":7027,
    "NewConfirmed":836,
    "NewDeaths":1,
    "Deaths":70,
    "Confirmed":19618
  },
  {
    "date":"2021-02-02",
    "Hospitalized":7158,
    "NewConfirmed":836,
    "NewDeaths":1,
    "Deaths":71,
    "Confirmed":20454
  },
  {
    "date":"2021-02-03",
    "Hospitalized":7169,
    "NewConfirmed":795,
    "NewDeaths":0,
    "Deaths":71,
    "Confirmed":21249
  },
  {
    "date":"2021-02-04",
    "Hospitalized":7181,
    "NewConfirmed":809,
    "NewDeaths":0,
    "Deaths":71,
    "Confirmed":22058
  },
  {
    "date":"2021-02-05",
    "Hospitalized":7234,
    "NewConfirmed":586,
    "NewDeaths":0,
    "Deaths":71,
    "Confirmed":22644
  },
  {
    "date":"2021-02-06",
    "Hospitalized":6781,
    "NewConfirmed":490,
    "NewDeaths":0,
    "Deaths":71,
    "Confirmed":23134
  },
  {
    "date":"2021-02-07",
    "Hospitalized":6350,
    "NewConfirmed":237,
    "NewDeaths":0,
    "Deaths":71,
    "Confirmed":23371
  },
  {
    "date":"2021-02-08",
    "Hospitalized":6068,
    "NewConfirmed":186,
    "NewDeaths":0,
    "Deaths":71,
    "Confirmed":23557
  },
  {
    "date":"2021-02-09",
    "Hospitalized":5301,
    "NewConfirmed":189,
    "NewDeaths":0,
    "Deaths":71,
    "Confirmed":23746
  },
  {
    "date":"2021-02-10",
    "Hospitalized":4909,
    "NewConfirmed":157,
    "NewDeaths":1,
    "Deaths":72,
    "Confirmed":23903
  },
  {
    "date":"2021-02-11",
    "Hospitalized":4225,
    "NewConfirmed":201,
    "NewDeaths":0,
    "Deaths":72,
    "Confirmed":24104
  },
  {
    "date":"2021-02-12",
    "Hospitalized":3989,
    "NewConfirmed":175,
    "NewDeaths":0,
    "Deaths":72,
    "Confirmed":24279
  },
  {
    "date":"2021-02-13",
    "Hospitalized":3145,
    "NewConfirmed":126,
    "NewDeaths":0,
    "Deaths":72,
    "Confirmed":24405
  },
  {
    "date":"2021-02-14",
    "Hospitalized":2380,
    "NewConfirmed":166,
    "NewDeaths":0,
    "Deaths":72,
    "Confirmed":24571
  },
  {
    "date":"2021-02-15",
    "Hospitalized":1749,
    "NewConfirmed":143,
    "NewDeaths":2,
    "Deaths":74,
    "Confirmed":24714
  },
  {
    "date":"2021-02-16",
    "Hospitalized":1141,
    "NewConfirmed":72,
    "NewDeaths":0,
    "Deaths":74,
    "Confirmed":24786
  },
  {
    "date":"2021-02-17",
    "Hospitalized":1182,
    "NewConfirmed":175,
    "NewDeaths":0,
    "Deaths":74,
    "Confirmed":24961
  },
  {
    "date":"2021-02-18",
    "Hospitalized":1083,
    "NewConfirmed":150,
    "NewDeaths":0,
    "Deaths":74,
    "Confirmed":25111
  },
  {
    "date":"2021-02-19",
    "Hospitalized":1088,
    "NewConfirmed":130,
    "NewDeaths":1,
    "Deaths":75,
    "Confirmed":25241
  },
  {
    "date":"2021-02-20",
    "Hospitalized":1111,
    "NewConfirmed":82,
    "NewDeaths":0,
    "Deaths":75,
    "Confirmed":25323
  },
  {
    "date":"2021-02-21",
    "Hospitalized":1047,
    "NewConfirmed":92,
    "NewDeaths":0,
    "Deaths":75,
    "Confirmed":25415
  },
  {
    "date":"2021-02-22",
    "Hospitalized":1060,
    "NewConfirmed":89,
    "NewDeaths":0,
    "Deaths":75,
    "Confirmed":25504
  },
  {
    "date":"2021-02-23",
    "Hospitalized":1070,
    "NewConfirmed":95,
    "NewDeaths":0,
    "Deaths":75,
    "Confirmed":25599
  },
  {
    "date":"2021-02-24",
    "Hospitalized":1067,
    "NewConfirmed":93,
    "NewDeaths":0,
    "Deaths":75,
    "Confirmed":25692
  },
  {
    "date":"2021-02-25",
    "Hospitalized":947,
    "NewConfirmed":72,
    "NewDeaths":0,
    "Deaths":75,
    "Confirmed":25764
  },
  {
    "date":"2021-02-26",
    "Hospitalized":774,
    "NewConfirmed":45,
    "NewDeaths":0,
    "Deaths":75,
    "Confirmed":25809
  },
  {
    "date":"2021-02-27",
    "Hospitalized":776,
    "NewConfirmed":72,
    "NewDeaths":0,
    "Deaths":75,
    "Confirmed":25881
  },
  {
    "date":"2021-02-28",
    "Hospitalized":740,
    "NewConfirmed":70,
    "NewDeaths":0,
    "Deaths":75,
    "Confirmed":25951
  },
  {
    "date":"2021-03-01",
    "Hospitalized":624,
    "NewConfirmed":80,
    "NewDeaths":0,
    "Deaths":75,
    "Confirmed":26031
  },
  {
    "date":"2021-03-02",
    "Hospitalized":569,
    "NewConfirmed":42,
    "NewDeaths":1,
    "Deaths":76,
    "Confirmed":26073
  },
  {
    "date":"2021-03-03",
    "Hospitalized":541,
    "NewConfirmed":35,
    "NewDeaths":0,
    "Deaths":76,
    "Confirmed":26108
  },
  {
    "date":"2021-03-04",
    "Hospitalized":515,
    "NewConfirmed":54,
    "NewDeaths":1,
    "Deaths":77,
    "Confirmed":26162
  },
  {
    "date":"2021-03-05",
    "Hospitalized":515,
    "NewConfirmed":79,
    "NewDeaths":0,
    "Deaths":77,
    "Confirmed":26241
  },
  {
    "date":"2021-03-06",
    "Hospitalized":534,
    "NewConfirmed":64,
    "NewDeaths":0,
    "Deaths":77,
    "Confirmed":26305
  },
  {
    "date":"2021-03-07",
    "Hospitalized":541,
    "NewConfirmed":65,
    "NewDeaths":0,
    "Deaths":77,
    "Confirmed":26370
  },
  {
    "date":"2021-03-08",
    "Hospitalized":579,
    "NewConfirmed":71,
    "NewDeaths":0,
    "Deaths":77,
    "Confirmed":26441
  },
  {
    "date":"2021-03-09",
    "Hospitalized":565,
    "NewConfirmed":60,
    "NewDeaths":0,
    "Deaths":77,
    "Confirmed":26501
  },
  {
    "date":"2021-03-10",
    "Hospitalized":509,
    "NewConfirmed":39,
    "NewDeaths":0,
    "Deaths":77,
    "Confirmed":26540
  },
  {
    "date":"2021-03-11",
    "Hospitalized":513,
    "NewConfirmed":58,
    "NewDeaths":0,
    "Deaths":77,
    "Confirmed":26598
  },
  {
    "date":"2021-03-12",
    "Hospitalized":538,
    "NewConfirmed":81,
    "NewDeaths":0,
    "Deaths":77,
    "Confirmed":26679
  },
  {
    "date":"2021-03-13",
    "Hospitalized":585,
    "NewConfirmed":78,
    "NewDeaths":1,
    "Deaths":78,
    "Confirmed":26757
  },
  {
    "date":"2021-03-14",
    "Hospitalized":687,
    "NewConfirmed":170,
    "NewDeaths":0,
    "Deaths":78,
    "Confirmed":26927
  },
  {
    "date":"2021-03-15",
    "Hospitalized":684,
    "NewConfirmed":78,
    "NewDeaths":1,
    "Deaths":79,
    "Confirmed":27005
  },
  {
    "date":"2021-03-16",
    "Hospitalized":768,
    "NewConfirmed":149,
    "NewDeaths":0,
    "Deaths":79,
    "Confirmed":27154
  },
  {
    "date":"2021-03-17",
    "Hospitalized":975,
    "NewConfirmed":248,
    "NewDeaths":1,
    "Deaths":80,
    "Confirmed":27402
  },
  {
    "date":"2021-03-18",
    "Hospitalized":1028,
    "NewConfirmed":92,
    "NewDeaths":1,
    "Deaths":81,
    "Confirmed":27494
  },
  {
    "date":"2021-03-19",
    "Hospitalized":1054,
    "NewConfirmed":100,
    "NewDeaths":1,
    "Deaths":82,
    "Confirmed":27594
  },
  {
    "date":"2021-03-20",
    "Hospitalized":1111,
    "NewConfirmed":119,
    "NewDeaths":0,
    "Deaths":82,
    "Confirmed":27713
  },
  {
    "date":"2021-03-21",
    "Hospitalized":1115,
    "NewConfirmed":90,
    "NewDeaths":0,
    "Deaths":82,
    "Confirmed":27803
  },
  {
    "date":"2021-03-22",
    "Hospitalized":1122,
    "NewConfirmed":73,
    "NewDeaths":1,
    "Deaths":83,
    "Confirmed":27876
  },
  {
    "date":"2021-03-23",
    "Hospitalized":1419,
    "NewConfirmed":401,
    "NewDeaths":1,
    "Deaths":84,
    "Confirmed":28277
  },
  {
    "date":"2021-03-24",
    "Hospitalized":1381,
    "NewConfirmed":69,
    "NewDeaths":0,
    "Deaths":84,
    "Confirmed":28346
  },
  {
    "date":"2021-03-25",
    "Hospitalized":1405,
    "NewConfirmed":97,
    "NewDeaths":0,
    "Deaths":84,
    "Confirmed":28443
  },
  {
    "date":"2021-03-26",
    "Hospitalized":1453,
    "NewConfirmed":134,
    "NewDeaths":0,
    "Deaths":84,
    "Confirmed":28577
  },
  {
    "date":"2021-03-27",
    "Hospitalized":1428,
    "NewConfirmed":80,
    "NewDeaths":1,
    "Deaths":85,
    "Confirmed":28657
  },
  {
    "date":"2021-03-28",
    "Hospitalized":1401,
    "NewConfirmed":77,
    "NewDeaths":1,
    "Deaths":86,
    "Confirmed":28734
  },
  {
    "date":"2021-03-29",
    "Hospitalized":1366,
    "NewConfirmed":39,
    "NewDeaths":0,
    "Deaths":86,
    "Confirmed":28773
  },
  {
    "date":"2021-03-30",
    "Hospitalized":1348,
    "NewConfirmed":48,
    "NewDeaths":0,
    "Deaths":86,
    "Confirmed":28821
  },
  {
    "date":"2021-03-31",
    "Hospitalized":1343,
    "NewConfirmed":42,
    "NewDeaths":0,
    "Deaths":86,
    "Confirmed":28863
  },
  {
    "date":"2021-04-01",
    "Hospitalized":1247,
    "NewConfirmed":26,
    "NewDeaths":0,
    "Deaths":86,
    "Confirmed":28889
  },
  {
    "date":"2021-04-02",
    "Hospitalized":1247,
    "NewConfirmed":58,
    "NewDeaths":0,
    "Deaths":86,
    "Confirmed":28947
  },
  {
    "date":"2021-04-03",
    "Hospitalized":1268,
    "NewConfirmed":84,
    "NewDeaths":1,
    "Deaths":87,
    "Confirmed":29031
  },
  {
    "date":"2021-04-04",
    "Hospitalized":1258,
    "NewConfirmed":96,
    "NewDeaths":0,
    "Deaths":87,
    "Confirmed":29127
  },
  {
    "date":"2021-04-05",
    "Hospitalized":1386,
    "NewConfirmed":194,
    "NewDeaths":0,
    "Deaths":87,
    "Confirmed":29321
  },
  {
    "date":"2021-04-06",
    "Hospitalized":1528,
    "NewConfirmed":250,
    "NewDeaths":0,
    "Deaths":87,
    "Confirmed":29571
  },
  {
    "date":"2021-04-07",
    "Hospitalized":1741,
    "NewConfirmed":334,
    "NewDeaths":0,
    "Deaths":87,
    "Confirmed":29905
  },
  {
    "date":"2021-04-08",
    "Hospitalized":2114,
    "NewConfirmed":405,
    "NewDeaths":0,
    "Deaths":87,
    "Confirmed":30310
  },
  {
    "date":"2021-04-09",
    "Hospitalized":2645,
    "NewConfirmed":559,
    "NewDeaths":1,
    "Deaths":88,
    "Confirmed":30869
  },
  {
    "date":"2021-04-10",
    "Hospitalized":3400,
    "NewConfirmed":789,
    "NewDeaths":1,
    "Deaths":89,
    "Confirmed":31658
  },
  {
    "date":"2021-04-11",
    "Hospitalized":4314,
    "NewConfirmed":967,
    "NewDeaths":0,
    "Deaths":89,
    "Confirmed":32625
  },
  {
    "date":"2021-04-12",
    "Hospitalized":5265,
    "NewConfirmed":985,
    "NewDeaths":0,
    "Deaths":89,
    "Confirmed":33610
  },
  {
    "date":"2021-04-13",
    "Hospitalized":6190,
    "NewConfirmed":965,
    "NewDeaths":0,
    "Deaths":89,
    "Confirmed":34575
  },
  {
    "date":"2021-04-14",
    "Hospitalized":7491,
    "NewConfirmed":1335,
    "NewDeaths":0,
    "Deaths":89,
    "Confirmed":35910
  },
  {
    "date":"2021-04-15",
    "Hospitalized":8973,
    "NewConfirmed":1543,
    "NewDeaths":0,
    "Deaths":89,
    "Confirmed":37453
  },
  {
    "date":"2021-04-16",
    "Hospitalized":10461,
    "NewConfirmed":1582,
    "NewDeaths":0,
    "Deaths":89,
    "Confirmed":39035
  },
  {
    "date":"2021-04-17",
    "Hospitalized":11916,
    "NewConfirmed":1547,
    "NewDeaths":2,
    "Deaths":91,
    "Confirmed":40582
  },
  {
    "date":"2021-04-18",
    "Hospitalized":13568,
    "NewConfirmed":1767,
    "NewDeaths":2,
    "Deaths":93,
    "Confirmed":42349
  },
  {
    "date":"2021-04-19",
    "Hospitalized":14851,
    "NewConfirmed":1390,
    "NewDeaths":3,
    "Deaths":96,
    "Confirmed":43739
  },
  {
    "date":"2021-04-20",
    "Hospitalized":16119,
    "NewConfirmed":1443,
    "NewDeaths":4,
    "Deaths":100,
    "Confirmed":45182
  },
  {
    "date":"2021-04-21",
    "Hospitalized":17162,
    "NewConfirmed":1458,
    "NewDeaths":2,
    "Deaths":102,
    "Confirmed":46640
  },
  {
    "date":"2021-04-22",
    "Hospitalized":18148,
    "NewConfirmed":1470,
    "NewDeaths":7,
    "Deaths":109,
    "Confirmed":48110
  },
  {
    "date":"2021-04-23",
    "Hospitalized":19873,
    "NewConfirmed":2070,
    "NewDeaths":4,
    "Deaths":113,
    "Confirmed":50180
  },
  {
    "date":"2021-04-24",
    "Hospitalized":22327,
    "NewConfirmed":2839,
    "NewDeaths":8,
    "Deaths":121,
    "Confirmed":53019
  },
  {
    "date":"2021-04-25",
    "Hospitalized":24207,
    "NewConfirmed":2438,
    "NewDeaths":11,
    "Deaths":132,
    "Confirmed":55457
  },
  {
    "date":"2021-04-26",
    "Hospitalized":25767,
    "NewConfirmed":2048,
    "NewDeaths":8,
    "Deaths":140,
    "Confirmed":57505
  },
  {
    "date":"2021-04-27",
    "Hospitalized":25973,
    "NewConfirmed":2179,
    "NewDeaths":15,
    "Deaths":155,
    "Confirmed":59684
  },
  {
    "date":"2021-04-28",
    "Hospitalized":27119,
    "NewConfirmed":2012,
    "NewDeaths":15,
    "Deaths":170,
    "Confirmed":61696
  },
  {
    "date":"2021-04-29",
    "Hospitalized":27988,
    "NewConfirmed":1871,
    "NewDeaths":10,
    "Deaths":180,
    "Confirmed":63567
  },
  {
    "date":"2021-04-30",
    "Hospitalized":28696,
    "NewConfirmed":1583,
    "NewDeaths":15,
    "Deaths":195,
    "Confirmed":65150
  },
  {
    "date":"2021-05-01",
    "Hospitalized":28745,
    "NewConfirmed":1891,
    "NewDeaths":21,
    "Deaths":216,
    "Confirmed":67041
  },
  {
    "date":"2021-05-02",
    "Hospitalized":29481,
    "NewConfirmed":1940,
    "NewDeaths":21,
    "Deaths":237,
    "Confirmed":68981
  },
  {
    "date":"2021-05-03",
    "Hospitalized":29765,
    "NewConfirmed":2041,
    "NewDeaths":31,
    "Deaths":268,
    "Confirmed":71022
  },
  {
    "date":"2021-05-04",
    "Hospitalized":30011,
    "NewConfirmed":1763,
    "NewDeaths":27,
    "Deaths":295,
    "Confirmed":72785
  },
  {
    "date":"2021-05-05",
    "Hospitalized":30222,
    "NewConfirmed":2112,
    "NewDeaths":15,
    "Deaths":310,
    "Confirmed":74897
  },
  {
    "date":"2021-05-06",
    "Hospitalized":29680,
    "NewConfirmed":1911,
    "NewDeaths":18,
    "Deaths":328,
    "Confirmed":76808
  },
  {
    "date":"2021-05-07",
    "Hospitalized":29320,
    "NewConfirmed":2044,
    "NewDeaths":27,
    "Deaths":355,
    "Confirmed":78852
  },
  {
    "date":"2021-05-08",
    "Hospitalized":29473,
    "NewConfirmed":2419,
    "NewDeaths":19,
    "Deaths":374,
    "Confirmed":81271
  },
  {
    "date":"2021-05-09",
    "Hospitalized":29371,
    "NewConfirmed":2101,
    "NewDeaths":17,
    "Deaths":391,
    "Confirmed":83372
  },
  {
    "date":"2021-05-10",
    "Hospitalized":29376,
    "NewConfirmed":1630,
    "NewDeaths":22,
    "Deaths":413,
    "Confirmed":85002
  },
  {
    "date":"2021-05-11",
    "Hospitalized":29435,
    "NewConfirmed":1919,
    "NewDeaths":31,
    "Deaths":444,
    "Confirmed":86921
  },
  {
    "date":"2021-05-12",
    "Hospitalized":29378,
    "NewConfirmed":1983,
    "NewDeaths":34,
    "Deaths":478,
    "Confirmed":88904
  },
  {
    "date":"2021-05-13",
    "Hospitalized":32661,
    "NewConfirmed":4887,
    "NewDeaths":32,
    "Deaths":510,
    "Confirmed":93791
  },
  {
    "date":"2021-05-14",
    "Hospitalized":33186,
    "NewConfirmed":2256,
    "NewDeaths":30,
    "Deaths":540,
    "Confirmed":96047
  },
  {
    "date":"2021-05-15",
    "Hospitalized":34913,
    "NewConfirmed":3095,
    "NewDeaths":17,
    "Deaths":557,
    "Confirmed":99142
  },
  {
    "date":"2021-05-16",
    "Hospitalized":35055,
    "NewConfirmed":2302,
    "NewDeaths":24,
    "Deaths":581,
    "Confirmed":101444
  },
  {
    "date":"2021-05-17",
    "Hospitalized":43268,
    "NewConfirmed":9635,
    "NewDeaths":25,
    "Deaths":606,
    "Confirmed":111079
  },
  {
    "date":"2021-05-18",
    "Hospitalized":42988,
    "NewConfirmed":2473,
    "NewDeaths":35,
    "Deaths":641,
    "Confirmed":113552
  },
  {
    "date":"2021-05-19",
    "Hospitalized":41903,
    "NewConfirmed":3394,
    "NewDeaths":29,
    "Deaths":670,
    "Confirmed":116946
  },
  {
    "date":"2021-05-20",
    "Hospitalized":42246,
    "NewConfirmed":2636,
    "NewDeaths":25,
    "Deaths":695,
    "Confirmed":119582
  },
  {
    "date":"2021-05-21",
    "Hospitalized":42827,
    "NewConfirmed":3481,
    "NewDeaths":32,
    "Deaths":727,
    "Confirmed":123063
  },
  {
    "date":"2021-05-22",
    "Hospitalized":42955,
    "NewConfirmed":3052,
    "NewDeaths":24,
    "Deaths":751,
    "Confirmed":126115
  },
  {
    "date":"2021-05-23",
    "Hospitalized":44189,
    "NewConfirmed":3382,
    "NewDeaths":17,
    "Deaths":768,
    "Confirmed":129497
  },
  {
    "date":"2021-05-24",
    "Hospitalized":45307,
    "NewConfirmed":2713,
    "NewDeaths":30,
    "Deaths":798,
    "Confirmed":132210
  },
  {
    "date":"2021-05-25",
    "Hospitalized":45413,
    "NewConfirmed":3226,
    "NewDeaths":26,
    "Deaths":824,
    "Confirmed":135436
  },
  {
    "date":"2021-05-26",
    "Hospitalized":45256,
    "NewConfirmed":2455,
    "NewDeaths":41,
    "Deaths":865,
    "Confirmed":137891
  },
  {
    "date":"2021-05-27",
    "Hospitalized":46469,
    "NewConfirmed":3323,
    "NewDeaths":47,
    "Deaths":912,
    "Confirmed":141214
  },
  {
    "date":"2021-05-28",
    "Hospitalized":46150,
    "NewConfirmed":3759,
    "NewDeaths":34,
    "Deaths":946,
    "Confirmed":144973
  },
  {
    "date":"2021-05-29",
    "Hospitalized":46480,
    "NewConfirmed":4803,
    "NewDeaths":34,
    "Deaths":980,
    "Confirmed":149776
  },
  {
    "date":"2021-05-30",
    "Hospitalized":48051,
    "NewConfirmed":4528,
    "NewDeaths":24,
    "Deaths":1004,
    "Confirmed":154304
  },
  {
    "date":"2021-05-31",
    "Hospitalized":50416,
    "NewConfirmed":5485,
    "NewDeaths":19,
    "Deaths":1023,
    "Confirmed":159789
  },
  {
    "date":"2021-06-01",
    "Hospitalized":49218,
    "NewConfirmed":2230,
    "NewDeaths":38,
    "Deaths":1061,
    "Confirmed":162019
  },
  {
    "date":"2021-06-02",
    "Hospitalized":49777,
    "NewConfirmed":3440,
    "NewDeaths":38,
    "Deaths":1099,
    "Confirmed":165459
  },
  {
    "date":"2021-06-03",
    "Hospitalized":49998,
    "NewConfirmed":3886,
    "NewDeaths":39,
    "Deaths":1138,
    "Confirmed":169345
  },
  {
    "date":"2021-06-04",
    "Hospitalized":50105,
    "NewConfirmed":2631,
    "NewDeaths":31,
    "Deaths":1169,
    "Confirmed":171976
  },
  {
    "date":"2021-06-05",
    "Hospitalized":49490,
    "NewConfirmed":2817,
    "NewDeaths":36,
    "Deaths":1205,
    "Confirmed":174793
  },
  {
    "date":"2021-06-06",
    "Hospitalized":49714,
    "NewConfirmed":2671,
    "NewDeaths":23,
    "Deaths":1228,
    "Confirmed":177464
  },
  {
    "date":"2021-06-07",
    "Hospitalized":49101,
    "NewConfirmed":2419,
    "NewDeaths":33,
    "Deaths":1261,
    "Confirmed":179883
  },
  {
    "date":"2021-06-08",
    "Hospitalized":49252,
    "NewConfirmed":2662,
    "NewDeaths":28,
    "Deaths":1289,
    "Confirmed":182545
  },
  {
    "date":"2021-06-09",
    "Hospitalized":47644,
    "NewConfirmed":2680,
    "NewDeaths":35,
    "Deaths":1324,
    "Confirmed":185225
  },
  {
    "date":"2021-06-10",
    "Hospitalized":46876,
    "NewConfirmed":2310,
    "NewDeaths":43,
    "Deaths":1367,
    "Confirmed":187535
  },
  {
    "date":"2021-06-11",
    "Hospitalized":43428,
    "NewConfirmed":2290,
    "NewDeaths":27,
    "Deaths":1394,
    "Confirmed":189825
  },
  {
    "date":"2021-06-12",
    "Hospitalized":41403,
    "NewConfirmed":3277,
    "NewDeaths":29,
    "Deaths":1423,
    "Confirmed":193102
  },
  {
    "date":"2021-06-13",
    "Hospitalized":40046,
    "NewConfirmed":2804,
    "NewDeaths":18,
    "Deaths":1441,
    "Confirmed":195906
  },
  {
    "date":"2021-06-14",
    "Hospitalized":39854,
    "NewConfirmed":3355,
    "NewDeaths":17,
    "Deaths":1458,
    "Confirmed":199261
  },
  {
    "date":"2021-06-15",
    "Hospitalized":38061,
    "NewConfirmed":3000,
    "NewDeaths":19,
    "Deaths":1477,
    "Confirmed":202261
  },
  {
    "date":"2021-06-16",
    "Hospitalized":35405,
    "NewConfirmed":2331,
    "NewDeaths":40,
    "Deaths":1517,
    "Confirmed":204592
  },
  {
    "date":"2021-06-17",
    "Hospitalized":33853,
    "NewConfirmed":3129,
    "NewDeaths":30,
    "Deaths":1547,
    "Confirmed":207721
  },
  {
    "date":"2021-06-18",
    "Hospitalized":32795,
    "NewConfirmed":3058,
    "NewDeaths":22,
    "Deaths":1569,
    "Confirmed":210779
  },
  {
    "date":"2021-06-19",
    "Hospitalized":31482,
    "NewConfirmed":3667,
    "NewDeaths":32,
    "Deaths":1601,
    "Confirmed":214446
  },
  {
    "date":"2021-06-20",
    "Hospitalized":32743,
    "NewConfirmed":3682,
    "NewDeaths":20,
    "Deaths":1621,
    "Confirmed":218128
  },
  {
    "date":"2021-06-21",
    "Hospitalized":33859,
    "NewConfirmed":3175,
    "NewDeaths":29,
    "Deaths":1650,
    "Confirmed":221303
  },
  {
    "date":"2021-06-22",
    "Hospitalized":35836,
    "NewConfirmed":4059,
    "NewDeaths":35,
    "Deaths":1685,
    "Confirmed":225362
  },
  {
    "date":"2021-06-23",
    "Hospitalized":37018,
    "NewConfirmed":3174,
    "NewDeaths":51,
    "Deaths":1736,
    "Confirmed":228536
  },
  {
    "date":"2021-06-24",
    "Hospitalized":39517,
    "NewConfirmed":4108,
    "NewDeaths":31,
    "Deaths":1767,
    "Confirmed":232644
  },
  {
    "date":"2021-06-25",
    "Hospitalized":41366,
    "NewConfirmed":3644,
    "NewDeaths":44,
    "Deaths":1811,
    "Confirmed":236288
  },
  {
    "date":"2021-06-26",
    "Hospitalized":41907,
    "NewConfirmed":4161,
    "NewDeaths":51,
    "Deaths":1862,
    "Confirmed":240449
  },
  {
    "date":"2021-06-27",
    "Hospitalized":43607,
    "NewConfirmed":3995,
    "NewDeaths":42,
    "Deaths":1904,
    "Confirmed":244444
  },
  {
    "date":"2021-06-28",
    "Hospitalized":45648,
    "NewConfirmed":5406,
    "NewDeaths":22,
    "Deaths":1926,
    "Confirmed":249850
  },
  {
    "date":"2021-06-29",
    "Hospitalized":47481,
    "NewConfirmed":4662,
    "NewDeaths":36,
    "Deaths":1962,
    "Confirmed":254512
  },
  {
    "date":"2021-06-30",
    "Hospitalized":49799,
    "NewConfirmed":4786,
    "NewDeaths":53,
    "Deaths":2015,
    "Confirmed":259298
  },
  {
    "date":"2021-07-01",
    "Hospitalized":52052,
    "NewConfirmed":5533,
    "NewDeaths":57,
    "Deaths":2072,
    "Confirmed":264831
  },
  {
    "date":"2021-07-02",
    "Hospitalized":54440,
    "NewConfirmed":6087,
    "NewDeaths":61,
    "Deaths":2133,
    "Confirmed":270918
  },
  {
    "date":"2021-07-03",
    "Hospitalized":57470,
    "NewConfirmed":6230,
    "NewDeaths":41,
    "Deaths":2174,
    "Confirmed":277148
  },
  {
    "date":"2021-07-04",
    "Hospitalized":59938,
    "NewConfirmed":5916,
    "NewDeaths":44,
    "Deaths":2218,
    "Confirmed":283064
  },
  {
    "date":"2021-07-05",
    "Hospitalized":63520,
    "NewConfirmed":6166,
    "NewDeaths":50,
    "Deaths":2268,
    "Confirmed":289230
  },
  {
    "date":"2021-07-06",
    "Hospitalized":65297,
    "NewConfirmed":5420,
    "NewDeaths":57,
    "Deaths":2325,
    "Confirmed":294650
  },
  {
    "date":"2021-07-07",
    "Hospitalized":67614,
    "NewConfirmed":6519,
    "NewDeaths":54,
    "Deaths":2379,
    "Confirmed":301169
  },
  {
    "date":"2021-07-08",
    "Hospitalized":69619,
    "NewConfirmed":7058,
    "NewDeaths":75,
    "Deaths":2454,
    "Confirmed":308227
  },
  {
    "date":"2021-07-09",
    "Hospitalized":74895,
    "NewConfirmed":9276,
    "NewDeaths":72,
    "Deaths":2526,
    "Confirmed":317503
  },
  {
    "date":"2021-07-10",
    "Hospitalized":80289,
    "NewConfirmed":9326,
    "NewDeaths":91,
    "Deaths":2617,
    "Confirmed":326829
  },
  {
    "date":"2021-07-11",
    "Hospitalized":85689,
    "NewConfirmed":9539,
    "NewDeaths":86,
    "Deaths":2703,
    "Confirmed":336368
  },
  {
    "date":"2021-07-12",
    "Hospitalized":90578,
    "NewConfirmed":8656,
    "NewDeaths":80,
    "Deaths":2783,
    "Confirmed":345024
  },
  {
    "date":"2021-07-13",
    "Hospitalized":95410,
    "NewConfirmed":8685,
    "NewDeaths":56,
    "Deaths":2839,
    "Confirmed":353709
  },
  {
    "date":"2021-07-14",
    "Hospitalized":99511,
    "NewConfirmed":9317,
    "NewDeaths":87,
    "Deaths":2926,
    "Confirmed":363026
  },
  {
    "date":"2021-07-15",
    "Hospitalized":103056,
    "NewConfirmed":9186,
    "NewDeaths":98,
    "Deaths":3024,
    "Confirmed":372212
  },
  {
    "date":"2021-07-16",
    "Hospitalized":106951,
    "NewConfirmed":9692,
    "NewDeaths":67,
    "Deaths":3091,
    "Confirmed":381904
  },
  {
    "date":"2021-07-17",
    "Hospitalized":110565,
    "NewConfirmed":10082,
    "NewDeaths":141,
    "Deaths":3232,
    "Confirmed":391986
  },
  {
    "date":"2021-07-18",
    "Hospitalized":116135,
    "NewConfirmed":11397,
    "NewDeaths":101,
    "Deaths":3333,
    "Confirmed":403383
  },
  {
    "date":"2021-07-19",
    "Hospitalized":122097,
    "NewConfirmed":11784,
    "NewDeaths":81,
    "Deaths":3414,
    "Confirmed":415167
  },
  {
    "date":"2021-07-20",
    "Hospitalized":126765,
    "NewConfirmed":11305,
    "NewDeaths":80,
    "Deaths":3494,
    "Confirmed":426472
  },
  {
    "date":"2021-07-21",
    "Hospitalized":131411,
    "NewConfirmed":13002,
    "NewDeaths":108,
    "Deaths":3602,
    "Confirmed":439474
  },
  {
    "date":"2021-07-22",
    "Hospitalized":137058,
    "NewConfirmed":13655,
    "NewDeaths":87,
    "Deaths":3689,
    "Confirmed":453129
  },
  {
    "date":"2021-07-23",
    "Hospitalized":143744,
    "NewConfirmed":14575,
    "NewDeaths":114,
    "Deaths":3803,
    "Confirmed":467704
  },
  {
    "date":"2021-07-24",
    "Hospitalized":150248,
    "NewConfirmed":14260,
    "NewDeaths":119,
    "Deaths":3922,
    "Confirmed":481964
  },
  {
    "date":"2021-07-25",
    "Hospitalized":158550,
    "NewConfirmed":15335,
    "NewDeaths":129,
    "Deaths":4051,
    "Confirmed":497299
  },
  {
    "date":"2021-07-26",
    "Hospitalized":167057,
    "NewConfirmed":15376,
    "NewDeaths":87,
    "Deaths":4138,
    "Confirmed":512675
  },
  {
    "date":"2021-07-27",
    "Hospitalized":171921,
    "NewConfirmed":14150,
    "NewDeaths":118,
    "Deaths":4256,
    "Confirmed":526825
  },
  {
    "date":"2021-07-28",
    "Hospitalized":178270,
    "NewConfirmed":16533,
    "NewDeaths":133,
    "Deaths":4389,
    "Confirmed":543358
  },
  {
    "date":"2021-07-29",
    "Hospitalized":185976,
    "NewConfirmed":17669,
    "NewDeaths":165,
    "Deaths":4554,
    "Confirmed":561027
  },
  {
    "date":"2021-07-30",
    "Hospitalized":192526,
    "NewConfirmed":17345,
    "NewDeaths":117,
    "Deaths":4671,
    "Confirmed":578372
  },
  {
    "date":"2021-07-31",
    "Hospitalized":200510,
    "NewConfirmed":18912,
    "NewDeaths":178,
    "Deaths":4849,
    "Confirmed":597284
  },
  {
    "date":"2021-08-01",
    "Hospitalized":205002,
    "NewConfirmed":18027,
    "NewDeaths":133,
    "Deaths":4982,
    "Confirmed":615311
  },
  {
    "date":"2021-08-02",
    "Hospitalized":208875,
    "NewConfirmed":17970,
    "NewDeaths":178,
    "Deaths":5160,
    "Confirmed":633281
  },
  {
    "date":"2021-08-03",
    "Hospitalized":209039,
    "NewConfirmed":18901,
    "NewDeaths":147,
    "Deaths":5307,
    "Confirmed":652182
  },
  {
    "date":"2021-08-04",
    "Hospitalized":211076,
    "NewConfirmed":20200,
    "NewDeaths":188,
    "Deaths":5495,
    "Confirmed":672382
  },
  {
    "date":"2021-08-05",
    "Hospitalized":213910,
    "NewConfirmed":20920,
    "NewDeaths":160,
    "Deaths":5655,
    "Confirmed":693302
  },
  {
    "date":"2021-08-06",
    "Hospitalized":212926,
    "NewConfirmed":21379,
    "NewDeaths":191,
    "Deaths":5846,
    "Confirmed":714681
  },
  {
    "date":"2021-08-07",
    "Hospitalized":213444,
    "NewConfirmed":21838,
    "NewDeaths":212,
    "Deaths":6058,
    "Confirmed":736519
  },
  {
    "date":"2021-08-08",
    "Hospitalized":214786,
    "NewConfirmed":19983,
    "NewDeaths":138,
    "Deaths":6196,
    "Confirmed":756502
  },
  {
    "date":"2021-08-09",
    "Hospitalized":214421,
    "NewConfirmed":19603,
    "NewDeaths":149,
    "Deaths":6345,
    "Confirmed":776105
  },
  {
    "date":"2021-08-10",
    "Hospitalized":211223,
    "NewConfirmed":19843,
    "NewDeaths":235,
    "Deaths":6580,
    "Confirmed":795948
  },
  {
    "date":"2021-08-11",
    "Hospitalized":210042,
    "NewConfirmed":21038,
    "NewDeaths":207,
    "Deaths":6787,
    "Confirmed":816986
  },
  {
    "date":"2021-08-12",
    "Hospitalized":209028,
    "NewConfirmed":22782,
    "NewDeaths":147,
    "Deaths":6934,
    "Confirmed":839768
  },
  {
    "date":"2021-08-13",
    "Hospitalized":212179,
    "NewConfirmed":23418,
    "NewDeaths":184,
    "Deaths":7118,
    "Confirmed":863186
  },
  {
    "date":"2021-08-14",
    "Hospitalized":210376,
    "NewConfirmed":22086,
    "NewDeaths":217,
    "Deaths":7335,
    "Confirmed":885272
  },
  {
    "date":"2021-08-15",
    "Hospitalized":210943,
    "NewConfirmed":21882,
    "NewDeaths":209,
    "Deaths":7544,
    "Confirmed":907154
  },
  {
    "date":"2021-08-16",
    "Hospitalized":210934,
    "NewConfirmed":21157,
    "NewDeaths":182,
    "Deaths":7726,
    "Confirmed":928311
  },
  {
    "date":"2021-08-17",
    "Hospitalized":210032,
    "NewConfirmed":20128,
    "NewDeaths":239,
    "Deaths":7965,
    "Confirmed":948439
  },
  {
    "date":"2021-08-18",
    "Hospitalized":207553,
    "NewConfirmed":20515,
    "NewDeaths":312,
    "Deaths":8277,
    "Confirmed":968954
  },
  {
    "date":"2021-08-19",
    "Hospitalized":205946,
    "NewConfirmed":20902,
    "NewDeaths":301,
    "Deaths":8578,
    "Confirmed":989856
  },
  {
    "date":"2021-08-20",
    "Hospitalized":205079,
    "NewConfirmed":19851,
    "NewDeaths":240,
    "Deaths":8818,
    "Confirmed":1009707
  },
  {
    "date":"2021-08-21",
    "Hospitalized":202230,
    "NewConfirmed":20571,
    "NewDeaths":261,
    "Deaths":9079,
    "Confirmed":1030278
  },
  {
    "date":"2021-08-22",
    "Hospitalized":200339,
    "NewConfirmed":19014,
    "NewDeaths":233,
    "Deaths":9312,
    "Confirmed":1049292
  },
  {
    "date":"2021-08-23",
    "Hospitalized":195454,
    "NewConfirmed":17491,
    "NewDeaths":242,
    "Deaths":9554,
    "Confirmed":1066783
  },
  {
    "date":"2021-08-24",
    "Hospitalized":192334,
    "NewConfirmed":17165,
    "NewDeaths":226,
    "Deaths":9780,
    "Confirmed":1083948
  },
  {
    "date":"2021-08-25",
    "Hospitalized":189268,
    "NewConfirmed":18417,
    "NewDeaths":297,
    "Deaths":10077,
    "Confirmed":1102365
  },
  {
    "date":"2021-08-26",
    "Hospitalized":186934,
    "NewConfirmed":18501,
    "NewDeaths":229,
    "Deaths":10306,
    "Confirmed":1120866
  },
  {
    "date":"2021-08-27",
    "Hospitalized":185200,
    "NewConfirmed":18702,
    "NewDeaths":273,
    "Deaths":10579,
    "Confirmed":1139568
  },
  {
    "date":"2021-08-28",
    "Hospitalized":182357,
    "NewConfirmed":17984,
    "NewDeaths":292,
    "Deaths":10871,
    "Confirmed":1157552
  },
  {
    "date":"2021-08-29",
    "Hospitalized":177702,
    "NewConfirmed":16536,
    "NewDeaths":264,
    "Deaths":11135,
    "Confirmed":1174088
  },
  {
    "date":"2021-08-30",
    "Hospitalized":176137,
    "NewConfirmed":15972,
    "NewDeaths":256,
    "Deaths":11391,
    "Confirmed":1190060
  },
  {
    "date":"2021-08-31",
    "Hospitalized":171368,
    "NewConfirmed":14666,
    "NewDeaths":190,
    "Deaths":11581,
    "Confirmed":1204726
  },
  {
    "date":"2021-09-01",
    "Hospitalized":166922,
    "NewConfirmed":14802,
    "NewDeaths":252,
    "Deaths":11833,
    "Confirmed":1219528
  },
  {
    "date":"2021-09-02",
    "Hospitalized":163680,
    "NewConfirmed":14956,
    "NewDeaths":262,
    "Deaths":12095,
    "Confirmed":1234484
  },
  {
    "date":"2021-09-03",
    "Hospitalized":159800,
    "NewConfirmed":14653,
    "NewDeaths":271,
    "Deaths":12366,
    "Confirmed":1249137
  },
  {
    "date":"2021-09-04",
    "Hospitalized":155317,
    "NewConfirmed":15942,
    "NewDeaths":257,
    "Deaths":12623,
    "Confirmed":1265079
  },
  {
    "date":"2021-09-05",
    "Hospitalized":152105,
    "NewConfirmed":15452,
    "NewDeaths":224,
    "Deaths":12847,
    "Confirmed":1280531
  },
  {
    "date":"2021-09-06",
    "Hospitalized":148622,
    "NewConfirmed":13988,
    "NewDeaths":187,
    "Deaths":13034,
    "Confirmed":1294519
  },
  {
    "date":"2021-09-07",
    "Hospitalized":145465,
    "NewConfirmed":13821,
    "NewDeaths":241,
    "Deaths":13275,
    "Confirmed":1308340
  },
  {
    "date":"2021-09-08",
    "Hospitalized":142644,
    "NewConfirmed":14176,
    "NewDeaths":228,
    "Deaths":13503,
    "Confirmed":1322516
  },
  {
    "date":"2021-09-09",
    "Hospitalized":143038,
    "NewConfirmed":16031,
    "NewDeaths":220,
    "Deaths":13723,
    "Confirmed":1338547
  },
  {
    "date":"2021-09-10",
    "Hospitalized":141642,
    "NewConfirmed":14403,
    "NewDeaths":189,
    "Deaths":13912,
    "Confirmed":1352950
  },
  {
    "date":"2021-09-11",
    "Hospitalized":137859,
    "NewConfirmed":15191,
    "NewDeaths":253,
    "Deaths":14165,
    "Confirmed":1368141
  },
  {
    "date":"2021-09-12",
    "Hospitalized":135966,
    "NewConfirmed":14029,
    "NewDeaths":180,
    "Deaths":14345,
    "Confirmed":1382170
  },
  {
    "date":"2021-09-13",
    "Hospitalized":132113,
    "NewConfirmed":12583,
    "NewDeaths":132,
    "Deaths":14477,
    "Confirmed":1394753
  },
  {
    "date":"2021-09-14",
    "Hospitalized":129025,
    "NewConfirmed":11786,
    "NewDeaths":136,
    "Deaths":14613,
    "Confirmed":1406539
  },
  {
    "date":"2021-09-15",
    "Hospitalized":128546,
    "NewConfirmed":13798,
    "NewDeaths":144,
    "Deaths":14757,
    "Confirmed":1420337
  },
  {
    "date":"2021-09-16",
    "Hospitalized":128728,
    "NewConfirmed":13897,
    "NewDeaths":188,
    "Deaths":14945,
    "Confirmed":1434234
  },
  {
    "date":"2021-09-17",
    "Hospitalized":129421,
    "NewConfirmed":14555,
    "NewDeaths":171,
    "Deaths":15116,
    "Confirmed":1448789
  },
  {
    "date":"2021-09-18",
    "Hospitalized":130128,
    "NewConfirmed":14109,
    "NewDeaths":122,
    "Deaths":15238,
    "Confirmed":1462898
  },
  {
    "date":"2021-09-19",
    "Hospitalized":131095,
    "NewConfirmed":13576,
    "NewDeaths":117,
    "Deaths":15355,
    "Confirmed":1476474
  },
  {
    "date":"2021-09-20",
    "Hospitalized":132573,
    "NewConfirmed":12709,
    "NewDeaths":106,
    "Deaths":15461,
    "Confirmed":1489183
  },
  {
    "date":"2021-09-21",
    "Hospitalized":131655,
    "NewConfirmed":10919,
    "NewDeaths":143,
    "Deaths":15604,
    "Confirmed":1500102
  },
  {
    "date":"2021-09-22",
    "Hospitalized":129071,
    "NewConfirmed":11252,
    "NewDeaths":141,
    "Deaths":15745,
    "Confirmed":1511354
  },
  {
    "date":"2021-09-23",
    "Hospitalized":128367,
    "NewConfirmed":13256,
    "NewDeaths":131,
    "Deaths":15876,
    "Confirmed":1524610
  },
  {
    "date":"2021-09-24",
    "Hospitalized":127392,
    "NewConfirmed":12697,
    "NewDeaths":132,
    "Deaths":16008,
    "Confirmed":1537307
  },
  {
    "date":"2021-09-25",
    "Hospitalized":124540,
    "NewConfirmed":11975,
    "NewDeaths":127,
    "Deaths":16135,
    "Confirmed":1549282
  },
  {
    "date":"2021-09-26",
    "Hospitalized":122463,
    "NewConfirmed":12353,
    "NewDeaths":125,
    "Deaths":16260,
    "Confirmed":1561635
  },
  {
    "date":"2021-09-27",
    "Hospitalized":120156,
    "NewConfirmed":10288,
    "NewDeaths":101,
    "Deaths":16361,
    "Confirmed":1571923
  },
  {
    "date":"2021-09-28",
    "Hospitalized":116711,
    "NewConfirmed":9489,
    "NewDeaths":129,
    "Deaths":16490,
    "Confirmed":1581412
  },
  {
    "date":"2021-09-29",
    "Hospitalized":115423,
    "NewConfirmed":10414,
    "NewDeaths":122,
    "Deaths":16612,
    "Confirmed":1591826
  },
  {
    "date":"2021-09-30",
    "Hospitalized":116075,
    "NewConfirmed":11646,
    "NewDeaths":107,
    "Deaths":16719,
    "Confirmed":1603472
  },
  {
    "date":"2021-10-01",
    "Hospitalized":115233,
    "NewConfirmed":11754,
    "NewDeaths":123,
    "Deaths":16842,
    "Confirmed":1615226
  },
  {
    "date":"2021-10-02",
    "Hospitalized":113394,
    "NewConfirmed":11375,
    "NewDeaths":87,
    "Deaths":16929,
    "Confirmed":1626601
  },
  {
    "date":"2021-10-03",
    "Hospitalized":112251,
    "NewConfirmed":10828,
    "NewDeaths":77,
    "Deaths":17006,
    "Confirmed":1637429
  },
  {
    "date":"2021-10-04",
    "Hospitalized":109748,
    "NewConfirmed":9930,
    "NewDeaths":97,
    "Deaths":17103,
    "Confirmed":1647359
  },
  {
    "date":"2021-10-05",
    "Hospitalized":108373,
    "NewConfirmed":9869,
    "NewDeaths":92,
    "Deaths":17195,
    "Confirmed":1657228
  },
  {
    "date":"2021-10-06",
    "Hospitalized":108022,
    "NewConfirmed":9866,
    "NewDeaths":102,
    "Deaths":17297,
    "Confirmed":1667094
  },
  {
    "date":"2021-10-07",
    "Hospitalized":109022,
    "NewConfirmed":11200,
    "NewDeaths":113,
    "Deaths":17410,
    "Confirmed":1678294
  },
  {
    "date":"2021-10-08",
    "Hospitalized":110113,
    "NewConfirmed":11140,
    "NewDeaths":116,
    "Deaths":17526,
    "Confirmed":1689434
  },
  {
    "date":"2021-10-09",
    "Hospitalized":110128,
    "NewConfirmed":10630,
    "NewDeaths":73,
    "Deaths":17599,
    "Confirmed":1700064
  },
  {
    "date":"2021-10-10",
    "Hospitalized":110880,
    "NewConfirmed":10817,
    "NewDeaths":84,
    "Deaths":17683,
    "Confirmed":1710881
  },
  {
    "date":"2021-10-11",
    "Hospitalized":110265,
    "NewConfirmed":10035,
    "NewDeaths":60,
    "Deaths":17743,
    "Confirmed":1720916
  },
  {
    "date":"2021-10-12",
    "Hospitalized":108174,
    "NewConfirmed":9445,
    "NewDeaths":84,
    "Deaths":17827,
    "Confirmed":1730361
  },
  {
    "date":"2021-10-13",
    "Hospitalized":107168,
    "NewConfirmed":10064,
    "NewDeaths":82,
    "Deaths":17909,
    "Confirmed":1740425
  },
  {
    "date":"2021-10-14",
    "Hospitalized":107925,
    "NewConfirmed":11276,
    "NewDeaths":112,
    "Deaths":18021,
    "Confirmed":1751701
  },
  {
    "date":"2021-10-15",
    "Hospitalized":107606,
    "NewConfirmed":10486,
    "NewDeaths":94,
    "Deaths":18115,
    "Confirmed":1762187
  },
  {
    "date":"2021-10-16",
    "Hospitalized":107378,
    "NewConfirmed":10648,
    "NewDeaths":82,
    "Deaths":18197,
    "Confirmed":1772835
  },
  {
    "date":"2021-10-17",
    "Hospitalized":107790,
    "NewConfirmed":10863,
    "NewDeaths":68,
    "Deaths":18265,
    "Confirmed":1783698
  },
  {
    "date":"2021-10-18",
    "Hospitalized":107226,
    "NewConfirmed":10111,
    "NewDeaths":63,
    "Deaths":18328,
    "Confirmed":1793809
  },
  {
    "date":"2021-10-19",
    "Hospitalized":105546,
    "NewConfirmed":9122,
    "NewDeaths":71,
    "Deaths":18399,
    "Confirmed":1802931
  },
  {
    "date":"2021-10-20",
    "Hospitalized":103507,
    "NewConfirmed":8918,
    "NewDeaths":79,
    "Deaths":18478,
    "Confirmed":1811849
  },
  {
    "date":"2021-10-21",
    "Hospitalized":103086,
    "NewConfirmed":9727,
    "NewDeaths":73,
    "Deaths":18551,
    "Confirmed":1821576
  },
  {
    "date":"2021-10-22",
    "Hospitalized":102317,
    "NewConfirmed":9810,
    "NewDeaths":66,
    "Deaths":18617,
    "Confirmed":1831386
  },
  {
    "date":"2021-10-23",
    "Hospitalized":101803,
    "NewConfirmed":9742,
    "NewDeaths":74,
    "Deaths":18691,
    "Confirmed":1841128
  },
  {
    "date":"2021-10-24",
    "Hospitalized":101000,
    "NewConfirmed":9351,
    "NewDeaths":56,
    "Deaths":18747,
    "Confirmed":1850479
  },
  {
    "date":"2021-10-25",
    "Hospitalized":100042,
    "NewConfirmed":8675,
    "NewDeaths":44,
    "Deaths":18791,
    "Confirmed":1859154
  },
  {
    "date":"2021-10-26",
    "Hospitalized":98150,
    "NewConfirmed":7706,
    "NewDeaths":66,
    "Deaths":18857,
    "Confirmed":1866860
  },
  {
    "date":"2021-10-27",
    "Hospitalized":98096,
    "NewConfirmed":8452,
    "NewDeaths":57,
    "Deaths":18914,
    "Confirmed":1875312
  },
  {
    "date":"2021-10-28",
    "Hospitalized":99144,
    "NewConfirmed":9658,
    "NewDeaths":84,
    "Deaths":18998,
    "Confirmed":1884970
  },
  {
    "date":"2021-10-29",
    "Hospitalized":99301,
    "NewConfirmed":8968,
    "NewDeaths":64,
    "Deaths":19062,
    "Confirmed":1893938
  },
  {
    "date":"2021-10-30",
    "Hospitalized":100132,
    "NewConfirmed":9224,
    "NewDeaths":88,
    "Deaths":19150,
    "Confirmed":1903162
  },
  {
    "date":"2021-10-31",
    "Hospitalized":100691,
    "NewConfirmed":8859,
    "NewDeaths":47,
    "Deaths":19197,
    "Confirmed":1912021
  },
  {
    "date":"2021-11-01",
    "Hospitalized":99227,
    "NewConfirmed":8165,
    "NewDeaths":55,
    "Deaths":19252,
    "Confirmed":1920186
  },
  {
    "date":"2021-11-02",
    "Hospitalized":98444,
    "NewConfirmed":7574,
    "NewDeaths":78,
    "Deaths":19330,
    "Confirmed":1927760
  },
  {
    "date":"2021-11-03",
    "Hospitalized":97585,
    "NewConfirmed":7679,
    "NewDeaths":56,
    "Deaths":19386,
    "Confirmed":1935439
  },
  {
    "date":"2021-11-04",
    "Hospitalized":97470,
    "NewConfirmed":7982,
    "NewDeaths":68,
    "Deaths":19454,
    "Confirmed":1943421
  },
  {
    "date":"2021-11-05",
    "Hospitalized":97300,
    "NewConfirmed":8148,
    "NewDeaths":80,
    "Deaths":19534,
    "Confirmed":1951569
  },
  {
    "date":"2021-11-06",
    "Hospitalized":97410,
    "NewConfirmed":8467,
    "NewDeaths":69,
    "Deaths":19603,
    "Confirmed":1960036
  },
  {
    "date":"2021-11-07",
    "Hospitalized":98367,
    "NewConfirmed":7960,
    "NewDeaths":53,
    "Deaths":19656,
    "Confirmed":1967996
  },
  {
    "date":"2021-11-08",
    "Hospitalized":98425,
    "NewConfirmed":7592,
    "NewDeaths":39,
    "Deaths":19695,
    "Confirmed":1975588
  },
  {
    "date":"2021-11-09",
    "Hospitalized":97244,
    "NewConfirmed":6904,
    "NewDeaths":61,
    "Deaths":19756,
    "Confirmed":1982492
  },
  {
    "date":"2021-11-10",
    "Hospitalized":96463,
    "NewConfirmed":6978,
    "NewDeaths":62,
    "Deaths":19818,
    "Confirmed":1989470
  },
  {
    "date":"2021-11-11",
    "Hospitalized":96450,
    "NewConfirmed":7496,
    "NewDeaths":57,
    "Deaths":19875,
    "Confirmed":1996966
  },
  {
    "date":"2021-11-12",
    "Hospitalized":95804,
    "NewConfirmed":7305,
    "NewDeaths":51,
    "Deaths":19926,
    "Confirmed":2004271
  },
  {
    "date":"2021-11-13",
    "Hospitalized":95413,
    "NewConfirmed":7057,
    "NewDeaths":55,
    "Deaths":19981,
    "Confirmed":2011328
  },
  {
    "date":"2021-11-14",
    "Hospitalized":95528,
    "NewConfirmed":7079,
    "NewDeaths":47,
    "Deaths":20028,
    "Confirmed":2018407
  },
  {
    "date":"2021-11-15",
    "Hospitalized":94163,
    "NewConfirmed":6343,
    "NewDeaths":45,
    "Deaths":20073,
    "Confirmed":2024750
  },
  {
    "date":"2021-11-16",
    "Hospitalized":92105,
    "NewConfirmed":5947,
    "NewDeaths":62,
    "Deaths":20135,
    "Confirmed":2030697
  },
  {
    "date":"2021-11-17",
    "Hospitalized":91382,
    "NewConfirmed":6524,
    "NewDeaths":56,
    "Deaths":20191,
    "Confirmed":2037221
  },
  {
    "date":"2021-11-18",
    "Hospitalized":90672,
    "NewConfirmed":6901,
    "NewDeaths":55,
    "Deaths":20246,
    "Confirmed":2044122
  },
  {
    "date":"2021-11-19",
    "Hospitalized":89821,
    "NewConfirmed":6855,
    "NewDeaths":51,
    "Deaths":20297,
    "Confirmed":2050977
  },
  {
    "date":"2021-11-20",
    "Hospitalized":87885,
    "NewConfirmed":6595,
    "NewDeaths":53,
    "Deaths":20350,
    "Confirmed":2057572
  },
  {
    "date":"2021-11-21",
    "Hospitalized":87271,
    "NewConfirmed":7006,
    "NewDeaths":29,
    "Deaths":20379,
    "Confirmed":2064578
  },
  {
    "date":"2021-11-22",
    "Hospitalized":85768,
    "NewConfirmed":6428,
    "NewDeaths":49,
    "Deaths":20428,
    "Confirmed":2071006
  },
  {
    "date":"2021-11-23",
    "Hospitalized":83093,
    "NewConfirmed":5126,
    "NewDeaths":53,
    "Deaths":20481,
    "Confirmed":2076132
  },
  {
    "date":"2021-11-24",
    "Hospitalized":81577,
    "NewConfirmed":5857,
    "NewDeaths":55,
    "Deaths":20536,
    "Confirmed":2081989
  },
  {
    "date":"2021-11-25",
    "Hospitalized":80657,
    "NewConfirmed":6335,
    "NewDeaths":37,
    "Deaths":20573,
    "Confirmed":2088324
  },
  {
    "date":"2021-11-26",
    "Hospitalized":80277,
    "NewConfirmed":6559,
    "NewDeaths":64,
    "Deaths":20637,
    "Confirmed":2094883
  },
  {
    "date":"2021-11-27",
    "Hospitalized":79780,
    "NewConfirmed":6073,
    "NewDeaths":32,
    "Deaths":20669,
    "Confirmed":2100956
  },
  {
    "date":"2021-11-28",
    "Hospitalized":79250,
    "NewConfirmed":5854,
    "NewDeaths":30,
    "Deaths":20699,
    "Confirmed":2106810
  },
  {
    "date":"2021-11-29",
    "Hospitalized":77811,
    "NewConfirmed":4753,
    "NewDeaths":27,
    "Deaths":20726,
    "Confirmed":2111563
  },
  {
    "date":"2021-11-30",
    "Hospitalized":75673,
    "NewConfirmed":4306,
    "NewDeaths":37,
    "Deaths":20763,
    "Confirmed":2115869
  },
  {
    "date":"2021-12-01",
    "Hospitalized":74190,
    "NewConfirmed":4886,
    "NewDeaths":43,
    "Deaths":20806,
    "Confirmed":2120755
  },
  {
    "date":"2021-12-02",
    "Hospitalized":73726,
    "NewConfirmed":4971,
    "NewDeaths":33,
    "Deaths":20839,
    "Confirmed":2125726
  },
  {
    "date":"2021-12-03",
    "Hospitalized":72761,
    "NewConfirmed":4912,
    "NewDeaths":33,
    "Deaths":20872,
    "Confirmed":2130638
  }
]